English short name,Alpha-2,Alpha-3,Numeric,World Bank Development Indicators,Other,,,
Afghanistan,AF,AFG,4,,,,,
Åland Islands,AX,ALA,248,,,,,
Albania,AL,ALB,8,,,,,
Algeria,DZ,DZA,12,,,,,
American Samoa,AS,ASM,16,,,,,
Andorra,AD,AND,20,,,,,
Angola,AO,AGO,24,,,,,
Anguilla,AI,AIA,660,,,,,
Antarctica,AQ,ATA,10,,,,,
Antigua and Barbuda,AG,ATG,28,,,,,
Argentina,AR,ARG,32,,,,,
Armenia,AM,ARM,51,,,,,
Aruba,AW,ABW,533,,,,,
Australia,AU,AUS,36,,,,,
Austria,AT,AUT,40,,,,,
Azerbaijan,AZ,AZE,31,,,,,
Bahamas,BS,BHS,44,"Bahamas, The",,,,
Bahrain,BH,BHR,48,,,,,
Bangladesh,BD,BGD,50,,,,,
Barbados,BB,BRB,52,,,,,
Belarus,BY,BLR,112,,,,,
Belgium,BE,BEL,56,,,,,
Belize,BZ,BLZ,84,,,,,
Benin,BJ,BEN,204,,,,,
Bermuda,BM,BMU,60,,,,,
Bhutan,BT,BTN,64,,,,,
Bolivia (Plurinational State of),BO,BOL,68,Bolivia,,,,
"Bonaire, Sint Eustatius and Saba",BQ,BES,535,,,,,
Bosnia and Herzegovina,BA,BIH,70,,Bosnia-Herzegovina,,,
Botswana,BW,BWA,72,,,,,
Bouvet Island,BV,BVT,74,,,,,
Brazil,BR,BRA,76,,,,,
British Indian Ocean Territory,IO,IOT,86,,,,,
Brunei Darussalam,BN,BRN,96,,Brunei,,,
Bulgaria,BG,BGR,100,,,,,
Burkina Faso,BF,BFA,854,,,,,
Burundi,BI,BDI,108,,,,,
Cabo Verde,CV,CPV,132,,Cape Verde,,,
Cambodia,KH,KHM,116,,,,,
Cameroon,CM,CMR,120,,,,,
Canada,CA,CAN,124,,,,,
Cayman Islands,KY,CYM,136,,,,,
Central African Republic,CF,CAF,140,,CAR,Central African Rep,,
Chad,TD,TCD,148,,,,,
Chile,CL,CHL,152,,,,,
China,CN,CHN,156,,,,,
Christmas Island,CX,CXR,162,,,,,
Cocos (Keeling) Islands,CC,CCK,166,,,,,
Colombia,CO,COL,170,,,,,
Comoros,KM,COM,174,,,,,
Congo,CG,COG,178,"Congo, Rep.",Congo-Brazzaville,Congo Republic,Republic of the Congo,
Congo (Democratic Republic of the),CD,COD,180,"Congo, Dem. Rep.",DRC,ZAR,Democratic Republic of Congo,Democratic Republic of the Congo
Cook Islands,CK,COK,184,,,,,
Costa Rica,CR,CRI,188,,,,,
Côte d'Ivoire,CI,CIV,384,Cote d'Ivoire,Ivory Coast,,,
Croatia,HR,HRV,191,,,,,
Cuba,CU,CUB,192,,,,,
Curaçao,CW,CUW,531,Curacao,,,,
Cyprus,CY,CYP,196,,,,,
Czechia,CZ,CZE,203,Czech Republic,,,,
Denmark,DK,DNK,208,,,,,
Djibouti,DJ,DJI,262,,,,,
Dominica,DM,DMA,212,,,,,
Dominican Republic,DO,DOM,214,,,,,
Ecuador,EC,ECU,218,,,,,
Egypt,EG,EGY,818,"Egypt, Arab Rep",,,,
El Salvador,SV,SLV,222,,,,,
Equatorial Guinea,GQ,GNQ,226,,,,,
Eritrea,ER,ERI,232,,,,,
Estonia,EE,EST,233,,,,,
Ethiopia,ET,ETH,231,,,,,
Falkland Islands (Malvinas),FK,FLK,238,,,,,
Faroe Islands,FO,FRO,234,,,,,
Fiji,FJ,FJI,242,,,,,
Finland,FI,FIN,246,,,,,
France,FR,FRA,250,,,,,
French Guiana,GF,GUF,254,,,,,
French Polynesia,PF,PYF,258,,,,,
French Southern Territories,TF,ATF,260,,,,,
Gabon,GA,GAB,266,,,,,
Gambia,GM,GMB,270,"Gambia, The",,,,
Georgia,GE,GEO,268,,,,,
Germany,DE,DEU,276,,,,,
Ghana,GH,GHA,288,,,,,
Gibraltar,GI,GIB,292,,,,,
Greece,GR,GRC,300,,,,,
Greenland,GL,GRL,304,,,,,
Grenada,GD,GRD,308,,,,,
Guadeloupe,GP,GLP,312,,,,,
Guam,GU,GUM,316,,,,,
Guatemala,GT,GTM,320,,,,,
Guernsey,GG,GGY,831,,,,,
Guinea,GN,GIN,324,,,,,
Guinea-Bissau,GW,GNB,624,,Guinea Bissau,,,
Guyana,GY,GUY,328,,,,,
Haiti,HT,HTI,332,,Haïti,,,
Heard Island and McDonald Islands,HM,HMD,334,,,,,
Holy See,VA,VAT,336,,,,,
Honduras,HN,HND,340,,,,,
Hong Kong,HK,HKG,344,"Hong Kong SAR, China",Hong Kong SAR,,,
Hungary,HU,HUN,348,,,,,
Iceland,IS,ISL,352,,,,,
India,IN,IND,356,,,,,
Indonesia,ID,IDN,360,,,,,
Iran (Islamic Republic of),IR,IRN,364,"Iran, Islamic Rep.",Iran,,,
Iraq,IQ,IRQ,368,,,,,
Ireland,IE,IRL,372,,,,,
Isle of Man,IM,IMN,833,,,,,
Israel,IL,ISR,376,,,,,
Italy,IT,ITA,380,,,,,
Jamaica,JM,JAM,388,,,,,
Japan,JP,JPN,392,,,,,
Jersey,JE,JEY,832,,,,,
Jordan,JO,JOR,400,,,,,
Kazakhstan,KZ,KAZ,398,,,,,
Kenya,KE,KEN,404,,,,,
Kiribati,KI,KIR,296,,,,,
Korea (Democratic People's Republic of),KP,PRK,408,"Korea, Dem. People’s Rep.",North Korea,"Korea, Dem Rep",,
Korea (Republic of),KR,KOR,410,"Korea, Rep.",South Korea,,,
Kuwait,KW,KWT,414,,,,,
Kyrgyzstan,KG,KGZ,417,Kyrgyz Republic,"Kyrgyz, Rep",,,
Lao People's Democratic Republic,LA,LAO,418,Lao PDR,Laos,,,
Latvia,LV,LVA,428,,,,,
Lebanon,LB,LBN,422,,,,,
Lesotho,LS,LSO,426,,,,,
Liberia,LR,LBR,430,,,,,
Libya,LY,LBY,434,,,,,
Liechtenstein,LI,LIE,438,,,,,
Lithuania,LT,LTU,440,,,,,
Luxembourg,LU,LUX,442,,,,,
Macao,MO,MAC,446,"Macao SAR, China",Macao,,,
Macedonia (the former Yugoslav Republic of),MK,MKD,807,"Macedonia, FYR",Macedonia,Former Yugoslav Republic of Macedonia (FYROM),,
Madagascar,MG,MDG,450,,,,,
Malawi,MW,MWI,454,,,,,
Malaysia,MY,MYS,458,,,,,
Maldives,MV,MDV,462,,,,,
Mali,ML,MLI,466,,,,,
Malta,MT,MLT,470,,,,,
Marshall Islands,MH,MHL,584,,,,,
Martinique,MQ,MTQ,474,,,,,
Mauritania,MR,MRT,478,,,,,
Mauritius,MU,MUS,480,,,,,
Mayotte,YT,MYT,175,,,,,
Mexico,MX,MEX,484,,,,,
Micronesia (Federated States of),FM,FSM,583,"Micronesia, Fed Sts",FSM,Micronesia,,
Moldova (Republic of),MD,MDA,498,Moldova,,,,
Monaco,MC,MCO,492,,,,,
Mongolia,MN,MNG,496,,,,,
Montenegro,ME,MNE,499,,,,,
Montserrat,MS,MSR,500,,,,,
Morocco,MA,MAR,504,,,,,
Mozambique,MZ,MOZ,508,,,,,
Myanmar,MM,MMR,104,,Burma,,,
Namibia,NA,NAM,516,,,,,
Nauru,NR,NRU,520,,,,,
Nepal,NP,NPL,524,,,,,
Netherlands,NL,NLD,528,,,,,
New Caledonia,NC,NCL,540,,,,,
New Zealand,NZ,NZL,554,,,,,
Nicaragua,NI,NIC,558,,,,,
Niger,NE,NER,562,,,,,
Nigeria,NG,NGA,566,,,,,
Niue,NU,NIU,570,,,,,
Norfolk Island,NF,NFK,574,,,,,
Northern Mariana Islands,MP,MNP,580,,,,,
Norway,NO,NOR,578,,,,,
Oman,OM,OMN,512,,,,,
Pakistan,PK,PAK,586,PAKI,,,,
Palau,PW,PLW,585,,,,,
"Palestine, State of",PS,PSE,275,West Bank and Gaza,OPTs,Palestine,WBG,West Bank & Gaza Strip
Panama,PA,PAN,591,,,,,
Papua New Guinea,PG,PNG,598,,PNG,,,
Paraguay,PY,PRY,600,,,,,
Peru,PE,PER,604,,,,,
Philippines,PH,PHL,608,,,,,
Pitcairn,PN,PCN,612,,,,,
Poland,PL,POL,616,,,,,
Portugal,PT,PRT,620,,,,,
Puerto Rico,PR,PRI,630,,"Puerto Rico, US",,,
Qatar,QA,QAT,634,,,,,
Réunion,RE,REU,638,,,,,
Romania,RO,ROU,642,,,,,
Russian Federation,RU,RUS,643,,Russia,,,
Rwanda,RW,RWA,646,,,,,
Saint Barthélemy,BL,BLM,652,St Barthélemy,,,,
"Saint Helena, Ascension and Tristan da Cunha",SH,SHN,654,"St Helena, Ascension and Tristan da Cunha",,St Helena,Saint Helena,
Saint Kitts and Nevis,KN,KNA,659,St Kitts and Nevis,,St Kitts-Nevis,,
Saint Lucia,LC,LCA,662,St Lucia,,,,
Saint Martin (French part),MF,MAF,663,St Martin (French part),,,,
Saint Pierre and Miquelon,PM,SPM,666,St Pierre and Miquelon,,,,
Saint Vincent and the Grenadines,VC,VCT,670,St. Vincent and the Grenadines,,St.Vincent & Grenadines,,
Samoa,WS,WSM,882,,,,,
San Marino,SM,SMR,674,,,,,
Sao Tome and Principe,ST,STP,678,,São Tomé and Príncipe,,,
Saudi Arabia,SA,SAU,682,,,,,
Senegal,SN,SEN,686,,,,,
Serbia,RS,SRB,688,,,,,
Seychelles,SC,SYC,690,,,,,
Sierra Leone,SL,SLE,694,,,,,
Singapore,SG,SGP,702,,,,,
Sint Maarten (Dutch part),SX,SXM,534,,,,,
Slovakia,SK,SVK,703,Slovak Republic,,,,
Slovenia,SI,SVN,705,,,,,
Solomon Islands,SB,SLB,90,,,,,
Somalia,SO,SOM,706,,,,,
South Africa,ZA,ZAF,710,,,,,
South Georgia and the South Sandwich Islands,GS,SGS,239,,,,,
South Sudan,SS,SSD,728,,,,,
Spain,ES,ESP,724,,,,,
Sri Lanka,LK,LKA,144,,,,,
Sudan,SD,SDN,729,,,,,
Suriname,SR,SUR,740,,Surinam,,,
Svalbard and Jan Mayen,SJ,SJM,744,,,,,
Swaziland,SZ,SWZ,748,,,,,
Sweden,SE,SWE,752,,,,,
Switzerland,CH,CHE,756,,,,,
Syrian Arab Republic,SY,SYR,760,,Syria,,,
"Taiwan, Province of China",TW,TWN,158,,Taiwan,"Taiwan, China",,
Tajikistan,TJ,TJK,762,,,,,
"Tanzania, United Republic of",TZ,TZA,834,Tanzania,,,,
Thailand,TH,THA,764,,,,,
Timor-Leste,TL,TLS,626,,East Timor,,,
Togo,TG,TGO,768,,,,,
Tokelau,TK,TKL,772,,,,,
Tonga,TO,TON,776,,,,,
Trinidad and Tobago,TT,TTO,780,,,,,
Tunisia,TN,TUN,788,,,,,
Turkey,TR,TUR,792,,,,,
Turkmenistan,TM,TKM,795,,,,,
Turks and Caicos Islands,TC,TCA,796,,,,,
Tuvalu,TV,TUV,798,,,,,
Uganda,UG,UGA,800,,,,,
Ukraine,UA,UKR,804,,,,,
United Arab Emirates,AE,ARE,784,,,,,
United Kingdom of Great Britain and Northern Ireland,GB,GBR,826,,United Kingdom,UK,Great Britain,GB
United States of America,US,USA,840,United States,USA,,,
United States Minor Outlying Islands,UM,UMI,581,,,,,
Uruguay,UY,URY,858,,,,,
Uzbekistan,UZ,UZB,860,,,,,
Vanuatu,VU,VUT,548,,,,,
Venezuela (Bolivarian Republic of),VE,VEN,862,"Venezuela, RB",Venezuela,,,
Viet Nam,VN,VNM,704,Vietnam,,,,
Virgin Islands (British),VG,VGB,92,British Virgin Islands,,,,
Virgin Islands (U.S.),VI,VIR,850,,,,,
Wallis and Futuna,WF,WLF,876,,,,,
Western Sahara,EH,ESH,732,,,,,
Yemen,YE,YEM,887,"Yemen, Rep.",,,,
Zambia,ZM,ZMB,894,,,,,
Zimbabwe,ZW,ZWE,716,,,,,
